[
  {
    "model": "exams.exam",
    "pk": "13c12b51-0b30-49b6-91e4-90326381785a",
    "fields": {
      "name": "Clerk Examination",
      "description": "Recruitment to Clerical cadre in public sector banks",
      "organization": "1d3e8376-2deb-4ec2-8cf8-8142fb8b4d05",
      "category": "Banking",
      "exam_type": "",
      "subject": "",
      "topic": "",
      "subtopic": "",
      "difficulty_level": "intermediate",
      "target_audience": "general",
      "language": "english",
      "state_specific": "",
      "tags": [],
      "custom_fields": {},
      "created_by": "97939240-5fe3-46be-a84b-d85e1bf721eb",
      "year": 2024,
      "is_active": true,
      "is_featured": false,
      "created_at": "2025-08-01T12:35:07.235Z",
      "updated_at": "2025-08-01T12:35:07.235Z"
    }
  },
  {
    "model": "exams.exam",
    "pk": "1c288a91-2964-47b3-a6d2-17c655ed86cf",
    "fields": {
      "name": "AIIMS MBBS Entrance Examination",
      "description": "Entrance examination for MBBS admission in AIIMS",
      "organization": "578b57a7-9715-446d-9427-2dae5be1813b",
      "category": "Medical",
      "exam_type": "",
      "subject": "",
      "topic": "",
      "subtopic": "",
      "difficulty_level": "intermediate",
      "target_audience": "general",
      "language": "english",
      "state_specific": "",
      "tags": [],
      "custom_fields": {},
      "created_by": "97939240-5fe3-46be-a84b-d85e1bf721eb",
      "year": 2024,
      "is_active": true,
      "is_featured": false,
      "created_at": "2025-08-01T12:35:07.629Z",
      "updated_at": "2025-08-01T12:35:07.629Z"
    }
  },
  {
    "model": "exams.exam",
    "pk": "1d555f5b-310c-4a56-9218-de2bd283bcc8",
    "fields": {
      "name": "Common University Entrance Test (CUET)",
      "description": "Common entrance test for admission to central universities",
      "organization": "9a20fcec-7a50-4598-9a26-86b6d1357303",
      "category": "University Admission",
      "exam_type": "",
      "subject": "",
      "topic": "",
      "subtopic": "",
      "difficulty_level": "intermediate",
      "target_audience": "general",
      "language": "english",
      "state_specific": "",
      "tags": [],
      "custom_fields": {},
      "created_by": "97939240-5fe3-46be-a84b-d85e1bf721eb",
      "year": 2024,
      "is_active": true,
      "is_featured": false,
      "created_at": "2025-08-01T12:35:07.559Z",
      "updated_at": "2025-08-01T12:35:07.559Z"
    }
  },
  {
    "model": "exams.exam",
    "pk": "2386e84a-a430-4d90-809d-993294561a50",
    "fields": {
      "name": "Assistant Development Officer (ADO) Examination",
      "description": "Recruitment to ADO positions",
      "organization": "a873bda5-2e5b-4760-9ecd-89ca66680b38",
      "category": "Insurance",
      "exam_type": "",
      "subject": "",
      "topic": "",
      "subtopic": "",
      "difficulty_level": "intermediate",
      "target_audience": "general",
      "language": "english",
      "state_specific": "",
      "tags": [],
      "custom_fields": {},
      "created_by": "97939240-5fe3-46be-a84b-d85e1bf721eb",
      "year": 2024,
      "is_active": true,
      "is_featured": false,
      "created_at": "2025-08-01T12:35:07.485Z",
      "updated_at": "2025-08-01T12:35:07.485Z"
    }
  },
  {
    "model": "exams.exam",
    "pk": "29077be5-01b0-4e6a-b6a2-16d3e5c03157",
    "fields": {
      "name": "Assistant Administrative Officer (AAO) Examination",
      "description": "Recruitment to AAO positions in LIC",
      "organization": "a873bda5-2e5b-4760-9ecd-89ca66680b38",
      "category": "Insurance",
      "exam_type": "",
      "subject": "",
      "topic": "",
      "subtopic": "",
      "difficulty_level": "intermediate",
      "target_audience": "general",
      "language": "english",
      "state_specific": "",
      "tags": [],
      "custom_fields": {},
      "created_by": "97939240-5fe3-46be-a84b-d85e1bf721eb",
      "year": 2024,
      "is_active": true,
      "is_featured": false,
      "created_at": "2025-08-01T12:35:07.466Z",
      "updated_at": "2025-08-01T12:35:07.466Z"
    }
  },
  {
    "model": "exams.exam",
    "pk": "2a6f42a9-1733-486d-9783-711a656b1db6",
    "fields": {
      "name": "Regional Rural Bank (RRB) Officer Scale I",
      "description": "Recruitment to Officer Scale I in Regional Rural Banks",
      "organization": "1d3e8376-2deb-4ec2-8cf8-8142fb8b4d05",
      "category": "Banking",
      "exam_type": "",
      "subject": "",
      "topic": "",
      "subtopic": "",
      "difficulty_level": "intermediate",
      "target_audience": "general",
      "language": "english",
      "state_specific": "",
      "tags": [],
      "custom_fields": {},
      "created_by": "97939240-5fe3-46be-a84b-d85e1bf721eb",
      "year": 2024,
      "is_active": true,
      "is_featured": false,
      "created_at": "2025-08-01T12:35:07.261Z",
      "updated_at": "2025-08-01T12:35:07.261Z"
    }
  },
  {
    "model": "exams.exam",
    "pk": "2c0ec949-ed7b-46ad-8910-77523744a1e0",
    "fields": {
      "name": "Watchman Examination",
      "description": "Recruitment to Watchman positions",
      "organization": "745bfbc7-3d2e-4c01-b333-f1637a539614",
      "category": "Security",
      "exam_type": "",
      "subject": "",
      "topic": "",
      "subtopic": "",
      "difficulty_level": "intermediate",
      "target_audience": "general",
      "language": "english",
      "state_specific": "",
      "tags": [],
      "custom_fields": {},
      "created_by": "97939240-5fe3-46be-a84b-d85e1bf721eb",
      "year": 2024,
      "is_active": true,
      "is_featured": false,
      "created_at": "2025-08-01T12:35:07.765Z",
      "updated_at": "2025-08-01T12:35:07.765Z"
    }
  },
  {
    "model": "exams.exam",
    "pk": "2e22f991-0d8c-4646-ac64-d83204930498",
    "fields": {
      "name": "National Eligibility cum Entrance Test (NEET)",
      "description": "National level entrance exam for medical and dental courses",
      "organization": "e1c8c75c-1b75-43f7-b65d-710d9a603001",
      "category": "Medical",
      "exam_type": "",
      "subject": "",
      "topic": "",
      "subtopic": "",
      "difficulty_level": "intermediate",
      "target_audience": "general",
      "language": "english",
      "state_specific": "",
      "tags": [],
      "custom_fields": {},
      "created_by": "97939240-5fe3-46be-a84b-d85e1bf721eb",
      "year": 2024,
      "is_active": true,
      "is_featured": false,
      "created_at": "2025-08-01T12:35:07.377Z",
      "updated_at": "2025-08-01T12:35:07.377Z"
    }
  },
  {
    "model": "exams.exam",
    "pk": "30d2d18f-7884-48d3-865a-aad39507a075",
    "fields": {
      "name": "AIIMS Nursing Entrance Examination",
      "description": "Entrance examination for B.Sc Nursing programs",
      "organization": "578b57a7-9715-446d-9427-2dae5be1813b",
      "category": "Nursing",
      "exam_type": "",
      "subject": "",
      "topic": "",
      "subtopic": "",
      "difficulty_level": "intermediate",
      "target_audience": "general",
      "language": "english",
      "state_specific": "",
      "tags": [],
      "custom_fields": {},
      "created_by": "97939240-5fe3-46be-a84b-d85e1bf721eb",
      "year": 2024,
      "is_active": true,
      "is_featured": false,
      "created_at": "2025-08-01T12:35:07.645Z",
      "updated_at": "2025-08-01T12:35:07.645Z"
    }
  },
  {
    "model": "exams.exam",
    "pk": "38cacaae-bdf2-454d-9678-8b8ec124a107",
    "fields": {
      "name": "Clerk (Junior Associate) Examination",
      "description": "Recruitment to Junior Associate positions",
      "organization": "e281de43-e328-4348-a306-ecc045e6b533",
      "category": "Banking",
      "exam_type": "",
      "subject": "",
      "topic": "",
      "subtopic": "",
      "difficulty_level": "intermediate",
      "target_audience": "general",
      "language": "english",
      "state_specific": "",
      "tags": [],
      "custom_fields": {},
      "created_by": "97939240-5fe3-46be-a84b-d85e1bf721eb",
      "year": 2024,
      "is_active": true,
      "is_featured": false,
      "created_at": "2025-08-01T12:35:07.319Z",
      "updated_at": "2025-08-01T12:35:07.319Z"
    }
  },
  {
    "model": "exams.exam",
    "pk": "46f798e2-deaf-46c8-8a1a-e9ce79102047",
    "fields": {
      "name": "Kendriya Vidyalaya Sangathan (KVS) Teacher Recruitment",
      "description": "Recruitment of teachers in Kendriya Vidyalayas",
      "organization": "e1c8c75c-1b75-43f7-b65d-710d9a603001",
      "category": "Teaching",
      "exam_type": "",
      "subject": "",
      "topic": "",
      "subtopic": "",
      "difficulty_level": "intermediate",
      "target_audience": "general",
      "language": "english",
      "state_specific": "",
      "tags": [],
      "custom_fields": {},
      "created_by": "97939240-5fe3-46be-a84b-d85e1bf721eb",
      "year": 2024,
      "is_active": true,
      "is_featured": false,
      "created_at": "2025-08-01T12:35:07.436Z",
      "updated_at": "2025-08-01T12:35:07.436Z"
    }
  },
  {
    "model": "exams.exam",
    "pk": "4a168db6-2126-4206-baf7-c784da609238",
    "fields": {
      "name": "Regional Rural Bank (RRB) Office Assistant",
      "description": "Recruitment to Office Assistant (Multipurpose) in RRBs",
      "organization": "1d3e8376-2deb-4ec2-8cf8-8142fb8b4d05",
      "category": "Banking",
      "exam_type": "",
      "subject": "",
      "topic": "",
      "subtopic": "",
      "difficulty_level": "intermediate",
      "target_audience": "general",
      "language": "english",
      "state_specific": "",
      "tags": [],
      "custom_fields": {},
      "created_by": "97939240-5fe3-46be-a84b-d85e1bf721eb",
      "year": 2024,
      "is_active": true,
      "is_featured": false,
      "created_at": "2025-08-01T12:35:07.278Z",
      "updated_at": "2025-08-01T12:35:07.278Z"
    }
  },
  {
    "model": "exams.exam",
    "pk": "51457f24-1637-4f1c-bb89-0a863b05f930",
    "fields": {
      "name": "National Talent Search Examination (NTSE)",
      "description": "National level scholarship examination for students",
      "organization": "e1c8c75c-1b75-43f7-b65d-710d9a603001",
      "category": "Scholarship",
      "exam_type": "",
      "subject": "",
      "topic": "",
      "subtopic": "",
      "difficulty_level": "intermediate",
      "target_audience": "general",
      "language": "english",
      "state_specific": "",
      "tags": [],
      "custom_fields": {},
      "created_by": "97939240-5fe3-46be-a84b-d85e1bf721eb",
      "year": 2024,
      "is_active": true,
      "is_featured": false,
      "created_at": "2025-08-01T12:35:07.422Z",
      "updated_at": "2025-08-01T12:35:07.422Z"
    }
  },
  {
    "model": "exams.exam",
    "pk": "53da5d1e-3104-491e-ab43-d71721914bf2",
    "fields": {
      "name": "Circle Based Officer (CBO) Examination",
      "description": "Recruitment to Circle Based Officer positions",
      "organization": "e281de43-e328-4348-a306-ecc045e6b533",
      "category": "Banking",
      "exam_type": "",
      "subject": "",
      "topic": "",
      "subtopic": "",
      "difficulty_level": "intermediate",
      "target_audience": "general",
      "language": "english",
      "state_specific": "",
      "tags": [],
      "custom_fields": {},
      "created_by": "97939240-5fe3-46be-a84b-d85e1bf721eb",
      "year": 2024,
      "is_active": true,
      "is_featured": false,
      "created_at": "2025-08-01T12:35:07.352Z",
      "updated_at": "2025-08-01T12:35:07.352Z"
    }
  },
  {
    "model": "exams.exam",
    "pk": "5c6d27ce-2498-4c36-8224-54985d00287e",
    "fields": {
      "name": "Indian Forest Service Examination (IFS)",
      "description": "Recruitment to Indian Forest Service",
      "organization": "524d485a-c902-49f2-9874-82369a4067de",
      "category": "Forest Service",
      "exam_type": "",
      "subject": "",
      "topic": "",
      "subtopic": "",
      "difficulty_level": "intermediate",
      "target_audience": "general",
      "language": "english",
      "state_specific": "",
      "tags": [],
      "custom_fields": {},
      "created_by": "97939240-5fe3-46be-a84b-d85e1bf721eb",
      "year": 2024,
      "is_active": true,
      "is_featured": false,
      "created_at": "2025-08-01T12:35:07.040Z",
      "updated_at": "2025-08-01T12:35:07.040Z"
    }
  },
  {
    "model": "exams.exam",
    "pk": "5d5fe3dc-d951-4634-9518-810ec1d3a975",
    "fields": {
      "name": "Apprentice Examination",
      "description": "Recruitment to Apprentice positions",
      "organization": "e281de43-e328-4348-a306-ecc045e6b533",
      "category": "Banking",
      "exam_type": "",
      "subject": "",
      "topic": "",
      "subtopic": "",
      "difficulty_level": "intermediate",
      "target_audience": "general",
      "language": "english",
      "state_specific": "",
      "tags": [],
      "custom_fields": {},
      "created_by": "97939240-5fe3-46be-a84b-d85e1bf721eb",
      "year": 2024,
      "is_active": true,
      "is_featured": false,
      "created_at": "2025-08-01T12:35:07.341Z",
      "updated_at": "2025-08-01T12:35:07.341Z"
    }
  },
  {
    "model": "exams.exam",
    "pk": "5fef5c95-f139-49e6-9e4d-76af507451ec",
    "fields": {
      "name": "Probationary Officer (PO) Examination",
      "description": "Recruitment to PO positions in SBI",
      "organization": "e281de43-e328-4348-a306-ecc045e6b533",
      "category": "Banking",
      "exam_type": "",
      "subject": "",
      "topic": "",
      "subtopic": "",
      "difficulty_level": "intermediate",
      "target_audience": "general",
      "language": "english",
      "state_specific": "",
      "tags": [],
      "custom_fields": {},
      "created_by": "97939240-5fe3-46be-a84b-d85e1bf721eb",
      "year": 2024,
      "is_active": true,
      "is_featured": false,
      "created_at": "2025-08-01T12:35:07.301Z",
      "updated_at": "2025-08-01T12:35:07.301Z"
    }
  },
  {
    "model": "exams.exam",
    "pk": "62e13083-6f56-4e83-8d86-f7fa4d8f9350",
    "fields": {
      "name": "Assistant Loco Pilot (ALP) Examination",
      "description": "Recruitment to Assistant Loco Pilot and Technician posts",
      "organization": "79564dda-b7f4-4859-95f8-e8a84bee196d",
      "category": "Railway",
      "exam_type": "",
      "subject": "",
      "topic": "",
      "subtopic": "",
      "difficulty_level": "intermediate",
      "target_audience": "general",
      "language": "english",
      "state_specific": "",
      "tags": [],
      "custom_fields": {},
      "created_by": "97939240-5fe3-46be-a84b-d85e1bf721eb",
      "year": 2024,
      "is_active": true,
      "is_featured": false,
      "created_at": "2025-08-01T12:35:07.195Z",
      "updated_at": "2025-08-01T12:35:07.195Z"
    }
  },
  {
    "model": "exams.exam",
    "pk": "630dea34-c64a-45a0-aa2a-cddae3d0d720",
    "fields": {
      "name": "Housing Finance Assistant (HFA) Examination",
      "description": "Recruitment to HFA positions in LIC Housing Finance",
      "organization": "a873bda5-2e5b-4760-9ecd-89ca66680b38",
      "category": "Finance",
      "exam_type": "",
      "subject": "",
      "topic": "",
      "subtopic": "",
      "difficulty_level": "intermediate",
      "target_audience": "general",
      "language": "english",
      "state_specific": "",
      "tags": [],
      "custom_fields": {},
      "created_by": "97939240-5fe3-46be-a84b-d85e1bf721eb",
      "year": 2024,
      "is_active": true,
      "is_featured": false,
      "created_at": "2025-08-01T12:35:07.502Z",
      "updated_at": "2025-08-01T12:35:07.502Z"
    }
  },
  {
    "model": "exams.exam",
    "pk": "63ac21f2-f738-42b0-804e-74f2d43b3adf",
    "fields": {
      "name": "Railway Recruitment Board NTPC (Non-Technical Popular Categories)",
      "description": "Recruitment to non-technical popular categories in Indian Railways",
      "organization": "79564dda-b7f4-4859-95f8-e8a84bee196d",
      "category": "Railway",
      "exam_type": "",
      "subject": "",
      "topic": "",
      "subtopic": "",
      "difficulty_level": "intermediate",
      "target_audience": "general",
      "language": "english",
      "state_specific": "",
      "tags": [],
      "custom_fields": {},
      "created_by": "97939240-5fe3-46be-a84b-d85e1bf721eb",
      "year": 2024,
      "is_active": true,
      "is_featured": false,
      "created_at": "2025-08-01T12:35:07.147Z",
      "updated_at": "2025-08-01T12:35:07.147Z"
    }
  },
  {
    "model": "exams.exam",
    "pk": "670cc9c8-3729-4191-aa70-0832af3270a2",
    "fields": {
      "name": "Assistant Provident Fund Commisioner (APFC - EPFO)",
      "description": "Recruitment of APFC",
      "organization": "524d485a-c902-49f2-9874-82369a4067de",
      "category": "",
      "exam_type": "other",
      "subject": "",
      "topic": "",
      "subtopic": "",
      "difficulty_level": "intermediate",
      "target_audience": "competitive_exam",
      "language": "english",
      "state_specific": "",
      "tags": [],
      "custom_fields": {},
      "created_by": "97939240-5fe3-46be-a84b-d85e1bf721eb",
      "year": 2025,
      "is_active": true,
      "is_featured": false,
      "created_at": "2025-08-08T20:14:53.900Z",
      "updated_at": "2025-08-08T20:14:53.901Z"
    }
  },
  {
    "model": "exams.exam",
    "pk": "69c53a83-4ab5-4170-94c4-444d28ec047c",
    "fields": {
      "name": "AIIMS Ph.D Entrance Examination",
      "description": "Entrance examination for Ph.D programs",
      "organization": "578b57a7-9715-446d-9427-2dae5be1813b",
      "category": "Research",
      "exam_type": "",
      "subject": "",
      "topic": "",
      "subtopic": "",
      "difficulty_level": "intermediate",
      "target_audience": "general",
      "language": "english",
      "state_specific": "",
      "tags": [],
      "custom_fields": {},
      "created_by": "97939240-5fe3-46be-a84b-d85e1bf721eb",
      "year": 2024,
      "is_active": true,
      "is_featured": false,
      "created_at": "2025-08-01T12:35:07.683Z",
      "updated_at": "2025-08-01T12:35:07.683Z"
    }
  },
  {
    "model": "exams.exam",
    "pk": "6debded3-5357-4ccc-a126-ad544ed29445",
    "fields": {
      "name": "Specialist Cadre Officer (SCO) Examination",
      "description": "Recruitment to specialist positions in various fields",
      "organization": "e281de43-e328-4348-a306-ecc045e6b533",
      "category": "Banking",
      "exam_type": "",
      "subject": "",
      "topic": "",
      "subtopic": "",
      "difficulty_level": "intermediate",
      "target_audience": "general",
      "language": "english",
      "state_specific": "",
      "tags": [],
      "custom_fields": {},
      "created_by": "97939240-5fe3-46be-a84b-d85e1bf721eb",
      "year": 2024,
      "is_active": true,
      "is_featured": false,
      "created_at": "2025-08-01T12:35:07.329Z",
      "updated_at": "2025-08-01T12:35:07.329Z"
    }
  },
  {
    "model": "exams.exam",
    "pk": "734f0e64-8c5c-4802-9596-643b5c50d48b",
    "fields": {
      "name": "Combined Defence Services Examination (CDS)",
      "description": "Examination for recruitment to Indian Military Academy, Naval Academy, and Air Force Academy",
      "organization": "524d485a-c902-49f2-9874-82369a4067de",
      "category": "Defence",
      "exam_type": "",
      "subject": "",
      "topic": "",
      "subtopic": "",
      "difficulty_level": "intermediate",
      "target_audience": "general",
      "language": "english",
      "state_specific": "",
      "tags": [],
      "custom_fields": {},
      "created_by": "97939240-5fe3-46be-a84b-d85e1bf721eb",
      "year": 2024,
      "is_active": true,
      "is_featured": false,
      "created_at": "2025-08-01T12:35:06.971Z",
      "updated_at": "2025-08-01T12:35:06.971Z"
    }
  },
  {
    "model": "exams.exam",
    "pk": "7414034d-cb33-4f5f-b7c3-640bcfd5fcad",
    "fields": {
      "name": "Junior Engineer (JE) Examination",
      "description": "Recruitment to Junior Engineer posts in various departments",
      "organization": "2f7f528d-5e0f-41da-965f-ad8735daec85",
      "category": "Engineering",
      "exam_type": "",
      "subject": "",
      "topic": "",
      "subtopic": "",
      "difficulty_level": "intermediate",
      "target_audience": "general",
      "language": "english",
      "state_specific": "",
      "tags": [],
      "custom_fields": {},
      "created_by": "97939240-5fe3-46be-a84b-d85e1bf721eb",
      "year": 2024,
      "is_active": true,
      "is_featured": false,
      "created_at": "2025-08-01T12:35:07.109Z",
      "updated_at": "2025-08-01T12:35:07.109Z"
    }
  },
  {
    "model": "exams.exam",
    "pk": "77f7f524-f04f-47f0-b28c-5b00471ed026",
    "fields": {
      "name": "Probationary Officer (PO) Examination",
      "description": "Recruitment to Probationary Officer posts in public sector banks",
      "organization": "1d3e8376-2deb-4ec2-8cf8-8142fb8b4d05",
      "category": "Banking",
      "exam_type": "",
      "subject": "",
      "topic": "",
      "subtopic": "",
      "difficulty_level": "intermediate",
      "target_audience": "general",
      "language": "english",
      "state_specific": "",
      "tags": [],
      "custom_fields": {},
      "created_by": "97939240-5fe3-46be-a84b-d85e1bf721eb",
      "year": 2024,
      "is_active": true,
      "is_featured": false,
      "created_at": "2025-08-01T12:35:07.221Z",
      "updated_at": "2025-08-01T12:35:07.221Z"
    }
  },
  {
    "model": "exams.exam",
    "pk": "7d24e1c8-be17-498f-9191-050950b9c255",
    "fields": {
      "name": "Civil Services Examination (CSE)",
      "description": "Premier examination for recruitment to various civil services of India",
      "organization": "524d485a-c902-49f2-9874-82369a4067de",
      "category": "Civil Services",
      "exam_type": "",
      "subject": "",
      "topic": "",
      "subtopic": "",
      "difficulty_level": "intermediate",
      "target_audience": "general",
      "language": "english",
      "state_specific": "",
      "tags": [],
      "custom_fields": {},
      "created_by": "97939240-5fe3-46be-a84b-d85e1bf721eb",
      "year": 2024,
      "is_active": true,
      "is_featured": false,
      "created_at": "2025-08-01T12:35:06.952Z",
      "updated_at": "2025-08-01T12:35:06.952Z"
    }
  },
  {
    "model": "exams.exam",
    "pk": "7d5a28ae-a3de-4691-84a8-ed4264d3cc92",
    "fields": {
      "name": "Railway Recruitment Board JE (Junior Engineer)",
      "description": "Recruitment to Junior Engineer and allied posts",
      "organization": "79564dda-b7f4-4859-95f8-e8a84bee196d",
      "category": "Railway",
      "exam_type": "",
      "subject": "",
      "topic": "",
      "subtopic": "",
      "difficulty_level": "intermediate",
      "target_audience": "general",
      "language": "english",
      "state_specific": "",
      "tags": [],
      "custom_fields": {},
      "created_by": "97939240-5fe3-46be-a84b-d85e1bf721eb",
      "year": 2024,
      "is_active": true,
      "is_featured": false,
      "created_at": "2025-08-01T12:35:07.168Z",
      "updated_at": "2025-08-01T12:35:07.168Z"
    }
  },
  {
    "model": "exams.exam",
    "pk": "7f34b89d-0f6e-45ce-9fe0-b9091180879b",
    "fields": {
      "name": "Combined Higher Secondary Level Examination (CHSL)",
      "description": "Recruitment to posts like LDC, JSA, PA, SA, DEO",
      "organization": "2f7f528d-5e0f-41da-965f-ad8735daec85",
      "category": "Government Jobs",
      "exam_type": "",
      "subject": "",
      "topic": "",
      "subtopic": "",
      "difficulty_level": "intermediate",
      "target_audience": "general",
      "language": "english",
      "state_specific": "",
      "tags": [],
      "custom_fields": {},
      "created_by": "97939240-5fe3-46be-a84b-d85e1bf721eb",
      "year": 2024,
      "is_active": true,
      "is_featured": false,
      "created_at": "2025-08-01T12:35:07.080Z",
      "updated_at": "2025-08-01T12:35:07.081Z"
    }
  },
  {
    "model": "exams.exam",
    "pk": "81283e85-6b1e-4016-b0f4-9174d19d3330",
    "fields": {
      "name": "Apprentice Development Officer (AppDO) Examination",
      "description": "Recruitment to apprentice development officer positions",
      "organization": "a873bda5-2e5b-4760-9ecd-89ca66680b38",
      "category": "Insurance",
      "exam_type": "",
      "subject": "",
      "topic": "",
      "subtopic": "",
      "difficulty_level": "intermediate",
      "target_audience": "general",
      "language": "english",
      "state_specific": "",
      "tags": [],
      "custom_fields": {},
      "created_by": "97939240-5fe3-46be-a84b-d85e1bf721eb",
      "year": 2024,
      "is_active": true,
      "is_featured": false,
      "created_at": "2025-08-01T12:35:07.513Z",
      "updated_at": "2025-08-01T12:35:07.513Z"
    }
  },
  {
    "model": "exams.exam",
    "pk": "8128c11e-f3aa-44bc-95d8-4d3f130d4514",
    "fields": {
      "name": "Graduate Aptitude Test in Engineering (GATE)",
      "description": "National level examination for postgraduate engineering admissions",
      "organization": "9a20fcec-7a50-4598-9a26-86b6d1357303",
      "category": "Engineering",
      "exam_type": "",
      "subject": "",
      "topic": "",
      "subtopic": "",
      "difficulty_level": "intermediate",
      "target_audience": "general",
      "language": "english",
      "state_specific": "",
      "tags": [],
      "custom_fields": {},
      "created_by": "97939240-5fe3-46be-a84b-d85e1bf721eb",
      "year": 2024,
      "is_active": true,
      "is_featured": false,
      "created_at": "2025-08-01T12:35:07.571Z",
      "updated_at": "2025-08-01T12:35:07.571Z"
    }
  },
  {
    "model": "exams.exam",
    "pk": "821fd3c8-aa65-4378-b5bd-835a538396ab",
    "fields": {
      "name": "Sample Comprehensive Exam",
      "description": "A sample exam demonstrating the platform capabilities with 100 questions",
      "organization": null,
      "category": "general",
      "exam_type": "",
      "subject": "",
      "topic": "",
      "subtopic": "",
      "difficulty_level": "intermediate",
      "target_audience": "general",
      "language": "english",
      "state_specific": "",
      "tags": [],
      "custom_fields": {},
      "created_by": "97939240-5fe3-46be-a84b-d85e1bf721eb",
      "year": null,
      "is_active": true,
      "is_featured": false,
      "created_at": "2025-07-31T11:14:43.150Z",
      "updated_at": "2025-07-31T11:14:43.150Z"
    }
  },
  {
    "model": "exams.exam",
    "pk": "840a7f11-7159-48c5-8ff7-5386dc3f644d",
    "fields": {
      "name": "Junior Engineer (JE) Examination",
      "description": "Recruitment to Junior Engineer posts",
      "organization": "745bfbc7-3d2e-4c01-b333-f1637a539614",
      "category": "Engineering",
      "exam_type": "",
      "subject": "",
      "topic": "",
      "subtopic": "",
      "difficulty_level": "intermediate",
      "target_audience": "general",
      "language": "english",
      "state_specific": "",
      "tags": [],
      "custom_fields": {},
      "created_by": "97939240-5fe3-46be-a84b-d85e1bf721eb",
      "year": 2024,
      "is_active": true,
      "is_featured": false,
      "created_at": "2025-08-01T12:35:07.727Z",
      "updated_at": "2025-08-01T12:35:07.727Z"
    }
  },
  {
    "model": "exams.exam",
    "pk": "89a6dabe-a2c1-4a68-86f4-4381f8075956",
    "fields": {
      "name": "Railway Recruitment Board Group D",
      "description": "Recruitment to Level 1 posts in Indian Railways",
      "organization": "79564dda-b7f4-4859-95f8-e8a84bee196d",
      "category": "Railway",
      "exam_type": "",
      "subject": "",
      "topic": "",
      "subtopic": "",
      "difficulty_level": "intermediate",
      "target_audience": "general",
      "language": "english",
      "state_specific": "",
      "tags": [],
      "custom_fields": {},
      "created_by": "97939240-5fe3-46be-a84b-d85e1bf721eb",
      "year": 2024,
      "is_active": true,
      "is_featured": false,
      "created_at": "2025-08-01T12:35:07.184Z",
      "updated_at": "2025-08-01T12:35:07.184Z"
    }
  },
  {
    "model": "exams.exam",
    "pk": "8a642810-3929-42e6-9c66-c89df4829f48",
    "fields": {
      "name": "Common Management Admission Test (CMAT)",
      "description": "National level test for admission to MBA/PGDM programs",
      "organization": "9a20fcec-7a50-4598-9a26-86b6d1357303",
      "category": "Management",
      "exam_type": "",
      "subject": "",
      "topic": "",
      "subtopic": "",
      "difficulty_level": "intermediate",
      "target_audience": "general",
      "language": "english",
      "state_specific": "",
      "tags": [],
      "custom_fields": {},
      "created_by": "97939240-5fe3-46be-a84b-d85e1bf721eb",
      "year": 2024,
      "is_active": true,
      "is_featured": false,
      "created_at": "2025-08-01T12:35:07.610Z",
      "updated_at": "2025-08-01T12:35:07.610Z"
    }
  },
  {
    "model": "exams.exam",
    "pk": "8bb018f4-a16c-4c5c-88e4-dfc2edece432",
    "fields": {
      "name": "Railway Protection Force (RPF) Constable",
      "description": "Recruitment to RPF Constable and Sub-Inspector posts",
      "organization": "79564dda-b7f4-4859-95f8-e8a84bee196d",
      "category": "Railway",
      "exam_type": "",
      "subject": "",
      "topic": "",
      "subtopic": "",
      "difficulty_level": "intermediate",
      "target_audience": "general",
      "language": "english",
      "state_specific": "",
      "tags": [],
      "custom_fields": {},
      "created_by": "97939240-5fe3-46be-a84b-d85e1bf721eb",
      "year": 2024,
      "is_active": true,
      "is_featured": false,
      "created_at": "2025-08-01T12:35:07.205Z",
      "updated_at": "2025-08-01T12:35:07.205Z"
    }
  },
  {
    "model": "exams.exam",
    "pk": "8e4231c5-9413-40f7-a621-f948bcd9eab4",
    "fields": {
      "name": "Steno Grade II Examination",
      "description": "Recruitment to Stenographer Grade II positions",
      "organization": "745bfbc7-3d2e-4c01-b333-f1637a539614",
      "category": "Clerical",
      "exam_type": "",
      "subject": "",
      "topic": "",
      "subtopic": "",
      "difficulty_level": "intermediate",
      "target_audience": "general",
      "language": "english",
      "state_specific": "",
      "tags": [],
      "custom_fields": {},
      "created_by": "97939240-5fe3-46be-a84b-d85e1bf721eb",
      "year": 2024,
      "is_active": true,
      "is_featured": false,
      "created_at": "2025-08-01T12:35:07.753Z",
      "updated_at": "2025-08-01T12:35:07.753Z"
    }
  },
  {
    "model": "exams.exam",
    "pk": "93170ada-78d6-495f-bd7c-acd3793b19d4",
    "fields": {
      "name": "Joint Entrance Examination (JEE) Advanced",
      "description": "Advanced level entrance exam for IITs",
      "organization": "9a20fcec-7a50-4598-9a26-86b6d1357303",
      "category": "Engineering",
      "exam_type": "",
      "subject": "",
      "topic": "",
      "subtopic": "",
      "difficulty_level": "intermediate",
      "target_audience": "general",
      "language": "english",
      "state_specific": "",
      "tags": [],
      "custom_fields": {},
      "created_by": "97939240-5fe3-46be-a84b-d85e1bf721eb",
      "year": 2024,
      "is_active": true,
      "is_featured": false,
      "created_at": "2025-08-01T12:35:07.546Z",
      "updated_at": "2025-08-01T12:35:07.546Z"
    }
  },
  {
    "model": "exams.exam",
    "pk": "a09553b8-7dbf-4d49-b823-7f279095c26c",
    "fields": {
      "name": "Joint Entrance Examination (JEE) Main",
      "description": "National level entrance exam for engineering courses",
      "organization": "e1c8c75c-1b75-43f7-b65d-710d9a603001",
      "category": "Engineering",
      "exam_type": "",
      "subject": "",
      "topic": "",
      "subtopic": "",
      "difficulty_level": "intermediate",
      "target_audience": "general",
      "language": "english",
      "state_specific": "",
      "tags": [],
      "custom_fields": {},
      "created_by": "97939240-5fe3-46be-a84b-d85e1bf721eb",
      "year": 2024,
      "is_active": true,
      "is_featured": false,
      "created_at": "2025-08-01T12:35:07.392Z",
      "updated_at": "2025-08-01T12:35:07.392Z"
    }
  },
  {
    "model": "exams.exam",
    "pk": "a4725459-b51c-45ad-899d-64fd8411dd8a",
    "fields": {
      "name": "Assistant General Manager (AGM) Examination",
      "description": "Recruitment to AGM positions in various disciplines",
      "organization": "745bfbc7-3d2e-4c01-b333-f1637a539614",
      "category": "Management",
      "exam_type": "",
      "subject": "",
      "topic": "",
      "subtopic": "",
      "difficulty_level": "intermediate",
      "target_audience": "general",
      "language": "english",
      "state_specific": "",
      "tags": [],
      "custom_fields": {},
      "created_by": "97939240-5fe3-46be-a84b-d85e1bf721eb",
      "year": 2024,
      "is_active": true,
      "is_featured": false,
      "created_at": "2025-08-01T12:35:07.712Z",
      "updated_at": "2025-08-01T12:35:07.712Z"
    }
  },
  {
    "model": "exams.exam",
    "pk": "a8a503ef-3a1e-4377-8afc-e5a69e9b0730",
    "fields": {
      "name": "Typist Examination",
      "description": "Recruitment to Typist positions",
      "organization": "745bfbc7-3d2e-4c01-b333-f1637a539614",
      "category": "Clerical",
      "exam_type": "",
      "subject": "",
      "topic": "",
      "subtopic": "",
      "difficulty_level": "intermediate",
      "target_audience": "general",
      "language": "english",
      "state_specific": "",
      "tags": [],
      "custom_fields": {},
      "created_by": "97939240-5fe3-46be-a84b-d85e1bf721eb",
      "year": 2024,
      "is_active": true,
      "is_featured": false,
      "created_at": "2025-08-01T12:35:07.739Z",
      "updated_at": "2025-08-01T12:35:07.739Z"
    }
  },
  {
    "model": "exams.exam",
    "pk": "adf5ca82-69e5-4b38-9067-ccedb90ee658",
    "fields": {
      "name": "National Eligibility Test (NET)",
      "description": "Eligibility test for Assistant Professor and JRF",
      "organization": "9a20fcec-7a50-4598-9a26-86b6d1357303",
      "category": "Teaching",
      "exam_type": "",
      "subject": "",
      "topic": "",
      "subtopic": "",
      "difficulty_level": "intermediate",
      "target_audience": "general",
      "language": "english",
      "state_specific": "",
      "tags": [],
      "custom_fields": {},
      "created_by": "97939240-5fe3-46be-a84b-d85e1bf721eb",
      "year": 2024,
      "is_active": true,
      "is_featured": false,
      "created_at": "2025-08-01T12:35:07.591Z",
      "updated_at": "2025-08-01T12:35:07.591Z"
    }
  },
  {
    "model": "exams.exam",
    "pk": "b0779e22-720f-49ff-bdc4-44346fe93db7",
    "fields": {
      "name": "Combined Graduate Level Examination (CGL)",
      "description": "Recruitment to Group B and Group C posts in various ministries",
      "organization": "2f7f528d-5e0f-41da-965f-ad8735daec85",
      "category": "Government Jobs",
      "exam_type": "",
      "subject": "",
      "topic": "",
      "subtopic": "",
      "difficulty_level": "intermediate",
      "target_audience": "general",
      "language": "english",
      "state_specific": "",
      "tags": [],
      "custom_fields": {},
      "created_by": "97939240-5fe3-46be-a84b-d85e1bf721eb",
      "year": 2024,
      "is_active": true,
      "is_featured": false,
      "created_at": "2025-08-01T12:35:07.063Z",
      "updated_at": "2025-08-01T12:35:07.063Z"
    }
  },
  {
    "model": "exams.exam",
    "pk": "b3ccea61-ceed-48f0-b90e-b5038fdbecc5",
    "fields": {
      "name": "hee2025",
      "description": "",
      "organization": null,
      "category": "engineering",
      "exam_type": "",
      "subject": "",
      "topic": "",
      "subtopic": "",
      "difficulty_level": "intermediate",
      "target_audience": "general",
      "language": "english",
      "state_specific": "",
      "tags": [],
      "custom_fields": {},
      "created_by": "97939240-5fe3-46be-a84b-d85e1bf721eb",
      "year": null,
      "is_active": true,
      "is_featured": false,
      "created_at": "2025-07-29T10:08:32.946Z",
      "updated_at": "2025-07-29T10:08:32.946Z"
    }
  },
  {
    "model": "exams.exam",
    "pk": "b8803bc2-28fb-4aa2-9a77-f04639ec1d1f",
    "fields": {
      "name": "DCIO 2025",
      "description": "Deputy Central Intelligence Officer (DCIO - Tech) (MHA)",
      "organization": null,
      "category": "Engineering",
      "exam_type": "",
      "subject": "",
      "topic": "",
      "subtopic": "",
      "difficulty_level": "intermediate",
      "target_audience": "general",
      "language": "english",
      "state_specific": "",
      "tags": [],
      "custom_fields": {},
      "created_by": "97939240-5fe3-46be-a84b-d85e1bf721eb",
      "year": null,
      "is_active": true,
      "is_featured": false,
      "created_at": "2025-08-01T11:35:44.727Z",
      "updated_at": "2025-08-01T11:48:24.341Z"
    }
  },
  {
    "model": "exams.exam",
    "pk": "bb906075-3923-435e-ae0e-b8d7e8021981",
    "fields": {
      "name": "Central Armed Police Forces (Assistant Commandant) Examination",
      "description": "Recruitment to CAPF as Assistant Commandant",
      "organization": "524d485a-c902-49f2-9874-82369a4067de",
      "category": "Police",
      "exam_type": "",
      "subject": "",
      "topic": "",
      "subtopic": "",
      "difficulty_level": "intermediate",
      "target_audience": "general",
      "language": "english",
      "state_specific": "",
      "tags": [],
      "custom_fields": {},
      "created_by": "97939240-5fe3-46be-a84b-d85e1bf721eb",
      "year": 2024,
      "is_active": true,
      "is_featured": false,
      "created_at": "2025-08-01T12:35:07.014Z",
      "updated_at": "2025-08-01T12:35:07.014Z"
    }
  },
  {
    "model": "exams.exam",
    "pk": "bca90bd6-5ca0-4b6e-b229-8d981a45b626",
    "fields": {
      "name": "Technical Assistant (Architect) Examination",
      "description": "Recruitment to technical assistant positions for architects",
      "organization": "a873bda5-2e5b-4760-9ecd-89ca66680b38",
      "category": "Technical",
      "exam_type": "",
      "subject": "",
      "topic": "",
      "subtopic": "",
      "difficulty_level": "intermediate",
      "target_audience": "general",
      "language": "english",
      "state_specific": "",
      "tags": [],
      "custom_fields": {},
      "created_by": "97939240-5fe3-46be-a84b-d85e1bf721eb",
      "year": 2024,
      "is_active": true,
      "is_featured": false,
      "created_at": "2025-08-01T12:35:07.526Z",
      "updated_at": "2025-08-01T12:35:07.526Z"
    }
  },
  {
    "model": "exams.exam",
    "pk": "cfc64967-023a-408a-abb8-45f535cf9746",
    "fields": {
      "name": "AIIMS PG Entrance Examination",
      "description": "Postgraduate medical entrance examination",
      "organization": "578b57a7-9715-446d-9427-2dae5be1813b",
      "category": "Medical",
      "exam_type": "",
      "subject": "",
      "topic": "",
      "subtopic": "",
      "difficulty_level": "intermediate",
      "target_audience": "general",
      "language": "english",
      "state_specific": "",
      "tags": [],
      "custom_fields": {},
      "created_by": "97939240-5fe3-46be-a84b-d85e1bf721eb",
      "year": 2024,
      "is_active": true,
      "is_featured": false,
      "created_at": "2025-08-01T12:35:07.657Z",
      "updated_at": "2025-08-01T12:35:07.657Z"
    }
  },
  {
    "model": "exams.exam",
    "pk": "d182193b-b9b9-4e9a-9e5b-0278796fceeb",
    "fields": {
      "name": "Central Teacher Eligibility Test (CTET)",
      "description": "Eligibility test for teaching in central government schools",
      "organization": "e1c8c75c-1b75-43f7-b65d-710d9a603001",
      "category": "Teaching",
      "exam_type": "",
      "subject": "",
      "topic": "",
      "subtopic": "",
      "difficulty_level": "intermediate",
      "target_audience": "general",
      "language": "english",
      "state_specific": "",
      "tags": [],
      "custom_fields": {},
      "created_by": "97939240-5fe3-46be-a84b-d85e1bf721eb",
      "year": 2024,
      "is_active": true,
      "is_featured": false,
      "created_at": "2025-08-01T12:35:07.406Z",
      "updated_at": "2025-08-01T12:35:07.406Z"
    }
  },
  {
    "model": "exams.exam",
    "pk": "d18d5c8e-ed4f-4ab5-babf-6db4e686a0d5",
    "fields": {
      "name": "asda",
      "description": "asda",
      "organization": null,
      "category": "asdasd",
      "exam_type": "",
      "subject": "",
      "topic": "",
      "subtopic": "",
      "difficulty_level": "intermediate",
      "target_audience": "general",
      "language": "english",
      "state_specific": "",
      "tags": [],
      "custom_fields": {},
      "created_by": "97939240-5fe3-46be-a84b-d85e1bf721eb",
      "year": null,
      "is_active": true,
      "is_featured": false,
      "created_at": "2025-07-29T14:26:32.948Z",
      "updated_at": "2025-07-29T14:26:32.948Z"
    }
  },
  {
    "model": "exams.exam",
    "pk": "daeecbc6-4977-455a-86b8-7431ce4d9a41",
    "fields": {
      "name": "AIIMS Fellowship Entrance Examination",
      "description": "Fellowship entrance examination for super-specialization",
      "organization": "578b57a7-9715-446d-9427-2dae5be1813b",
      "category": "Medical",
      "exam_type": "",
      "subject": "",
      "topic": "",
      "subtopic": "",
      "difficulty_level": "intermediate",
      "target_audience": "general",
      "language": "english",
      "state_specific": "",
      "tags": [],
      "custom_fields": {},
      "created_by": "97939240-5fe3-46be-a84b-d85e1bf721eb",
      "year": 2024,
      "is_active": true,
      "is_featured": false,
      "created_at": "2025-08-01T12:35:07.670Z",
      "updated_at": "2025-08-01T12:35:07.670Z"
    }
  },
  {
    "model": "exams.exam",
    "pk": "db687417-3d62-4b41-ba36-7d5b308a248b",
    "fields": {
      "name": "Stenographer Grade C & D Examination",
      "description": "Recruitment to Stenographer positions",
      "organization": "2f7f528d-5e0f-41da-965f-ad8735daec85",
      "category": "Government Jobs",
      "exam_type": "",
      "subject": "",
      "topic": "",
      "subtopic": "",
      "difficulty_level": "intermediate",
      "target_audience": "general",
      "language": "english",
      "state_specific": "",
      "tags": [],
      "custom_fields": {},
      "created_by": "97939240-5fe3-46be-a84b-d85e1bf721eb",
      "year": 2024,
      "is_active": true,
      "is_featured": false,
      "created_at": "2025-08-01T12:35:07.122Z",
      "updated_at": "2025-08-01T12:35:07.123Z"
    }
  },
  {
    "model": "exams.exam",
    "pk": "e37267b7-f69d-4272-b186-9e81600f6456",
    "fields": {
      "name": "Deputy Central Intelligence Officer (DCIO - Tech)",
      "description": "Recruitment Test for Post of Deputy Central Intelligence Office (DCIO - TECH)",
      "organization": "524d485a-c902-49f2-9874-82369a4067de",
      "category": "engineering",
      "exam_type": "other",
      "subject": "Electronics, Computer Science",
      "topic": "Electronics",
      "subtopic": "Communication, Computer, Networks",
      "difficulty_level": "intermediate",
      "target_audience": "professionals",
      "language": "english",
      "state_specific": "",
      "tags": [
        "MHA",
        "Ministry of Home Affairs"
      ],
      "custom_fields": {},
      "created_by": "e77ca52c-717e-4de0-b939-c2c91ed1570c",
      "year": 2025,
      "is_active": true,
      "is_featured": false,
      "created_at": "2025-08-05T13:00:45.019Z",
      "updated_at": "2025-08-05T13:01:10.880Z"
    }
  },
  {
    "model": "exams.exam",
    "pk": "ed34f3ef-8461-4f66-ae16-bf4ec08f0f78",
    "fields": {
      "name": "National Defence Academy & Naval Academy Examination (NDA & NA)",
      "description": "Examination for entry into NDA and Naval Academy",
      "organization": "524d485a-c902-49f2-9874-82369a4067de",
      "category": "Defence",
      "exam_type": "",
      "subject": "",
      "topic": "",
      "subtopic": "",
      "difficulty_level": "intermediate",
      "target_audience": "general",
      "language": "english",
      "state_specific": "",
      "tags": [],
      "custom_fields": {},
      "created_by": "97939240-5fe3-46be-a84b-d85e1bf721eb",
      "year": 2024,
      "is_active": true,
      "is_featured": false,
      "created_at": "2025-08-01T12:35:06.988Z",
      "updated_at": "2025-08-01T12:35:06.989Z"
    }
  },
  {
    "model": "exams.exam",
    "pk": "ee2fbd02-ea7b-4c5c-a849-8580b0f8eb50",
    "fields": {
      "name": "Multi Tasking Staff (MTS) Examination",
      "description": "Recruitment to Multi Tasking (Non-Technical) Staff positions",
      "organization": "2f7f528d-5e0f-41da-965f-ad8735daec85",
      "category": "Government Jobs",
      "exam_type": "",
      "subject": "",
      "topic": "",
      "subtopic": "",
      "difficulty_level": "intermediate",
      "target_audience": "general",
      "language": "english",
      "state_specific": "",
      "tags": [],
      "custom_fields": {},
      "created_by": "97939240-5fe3-46be-a84b-d85e1bf721eb",
      "year": 2024,
      "is_active": true,
      "is_featured": false,
      "created_at": "2025-08-01T12:35:07.095Z",
      "updated_at": "2025-08-01T12:35:07.095Z"
    }
  },
  {
    "model": "exams.exam",
    "pk": "efc49c09-b782-4631-9211-b182452df1d4",
    "fields": {
      "name": "Engineering Services Examination (ESE)",
      "description": "Recruitment to Group A and Group B engineering services",
      "organization": "524d485a-c902-49f2-9874-82369a4067de",
      "category": "Engineering",
      "exam_type": "",
      "subject": "",
      "topic": "",
      "subtopic": "",
      "difficulty_level": "intermediate",
      "target_audience": "general",
      "language": "english",
      "state_specific": "",
      "tags": [],
      "custom_fields": {},
      "created_by": "97939240-5fe3-46be-a84b-d85e1bf721eb",
      "year": 2024,
      "is_active": true,
      "is_featured": false,
      "created_at": "2025-08-01T12:35:07.029Z",
      "updated_at": "2025-08-01T12:35:07.029Z"
    }
  },
  {
    "model": "exams.exam",
    "pk": "f8c4e276-06ee-42f0-84b2-e80fb1461c68",
    "fields": {
      "name": "Specialist Officer (SO) Examination",
      "description": "Recruitment to specialist officer posts in various fields",
      "organization": "1d3e8376-2deb-4ec2-8cf8-8142fb8b4d05",
      "category": "Banking",
      "exam_type": "",
      "subject": "",
      "topic": "",
      "subtopic": "",
      "difficulty_level": "intermediate",
      "target_audience": "general",
      "language": "english",
      "state_specific": "",
      "tags": [],
      "custom_fields": {},
      "created_by": "97939240-5fe3-46be-a84b-d85e1bf721eb",
      "year": 2024,
      "is_active": true,
      "is_featured": false,
      "created_at": "2025-08-01T12:35:07.249Z",
      "updated_at": "2025-08-01T12:35:07.249Z"
    }
  },
  {
    "model": "exams.test",
    "pk": "17aa13fd-38f9-48fa-a156-1e8a89156d39",
    "fields": {
      "exam": "e37267b7-f69d-4272-b186-9e81600f6456",
      "title": "sample",
      "description": "",
      "duration_minutes": 60,
      "total_marks": 100,
      "pass_percentage": "60.00",
      "is_published": false,
      "randomize_questions": false,
      "show_result_immediately": true,
      "allow_review": true,
      "max_attempts": 999,
      "start_time": null,
      "end_time": null,
      "created_by": "97939240-5fe3-46be-a84b-d85e1bf721eb",
      "created_at": "2025-08-05T16:34:22.873Z",
      "updated_at": "2025-08-05T17:15:03.019Z"
    }
  },
  {
    "model": "exams.test",
    "pk": "259c3142-af37-4044-bddb-da796a7abe8a",
    "fields": {
      "exam": "8128c11e-f3aa-44bc-95d8-4d3f130d4514",
      "title": "Gate Physics Test 1 - Thermo",
      "description": "",
      "duration_minutes": 60,
      "total_marks": 100,
      "pass_percentage": "60.00",
      "is_published": true,
      "randomize_questions": false,
      "show_result_immediately": true,
      "allow_review": true,
      "max_attempts": 999,
      "start_time": null,
      "end_time": null,
      "created_by": "97939240-5fe3-46be-a84b-d85e1bf721eb",
      "created_at": "2025-08-03T13:02:07.389Z",
      "updated_at": "2025-08-03T13:02:07.389Z"
    }
  },
  {
    "model": "exams.test",
    "pk": "3c62fcf2-38b2-4349-a797-b354f91f8699",
    "fields": {
      "exam": "821fd3c8-aa65-4378-b5bd-835a538396ab",
      "title": "100 Question MCQ Test",
      "description": "Sample test with 100 multiple choice questions from various subjects",
      "duration_minutes": 120,
      "total_marks": 100,
      "pass_percentage": "60.00",
      "is_published": true,
      "randomize_questions": true,
      "show_result_immediately": true,
      "allow_review": true,
      "max_attempts": 999,
      "start_time": null,
      "end_time": null,
      "created_by": "97939240-5fe3-46be-a84b-d85e1bf721eb",
      "created_at": "2025-07-31T11:14:43.157Z",
      "updated_at": "2025-10-15T06:43:20.281Z"
    }
  },
  {
    "model": "exams.test",
    "pk": "60599323-bc18-4e19-aaaa-013f01504b27",
    "fields": {
      "exam": "b8803bc2-28fb-4aa2-9a77-f04639ec1d1f",
      "title": "DCIO 2025 Full length Test 1",
      "description": "",
      "duration_minutes": 120,
      "total_marks": 200,
      "pass_percentage": "60.00",
      "is_published": true,
      "randomize_questions": false,
      "show_result_immediately": true,
      "allow_review": true,
      "max_attempts": 999,
      "start_time": null,
      "end_time": null,
      "created_by": "97939240-5fe3-46be-a84b-d85e1bf721eb",
      "created_at": "2025-08-01T11:51:31.166Z",
      "updated_at": "2025-08-01T12:03:47.549Z"
    }
  },
  {
    "model": "exams.testattempt",
    "pk": "140ebce6-4fa0-4995-b595-0fa74fb03907",
    "fields": {
      "test": "3c62fcf2-38b2-4349-a797-b354f91f8699",
      "user": "9f818928-4998-468e-a650-a8b551a093ce",
      "attempt_number": 3,
      "status": "evaluated",
      "start_time": "2025-07-31T16:59:20.319Z",
      "end_time": "2025-07-31T17:00:04.417Z",
      "time_spent_seconds": 44,
      "total_questions": 100,
      "attempted_questions": 3,
      "correct_answers": 1,
      "marks_obtained": "1.00",
      "percentage": "1.00"
    }
  },
  {
    "model": "exams.testattempt",
    "pk": "2fe2a936-5331-488e-86ae-097d9e60fe45",
    "fields": {
      "test": "259c3142-af37-4044-bddb-da796a7abe8a",
      "user": "97939240-5fe3-46be-a84b-d85e1bf721eb",
      "attempt_number": 1,
      "status": "in_progress",
      "start_time": "2025-08-03T13:02:20.748Z",
      "end_time": null,
      "time_spent_seconds": 0,
      "total_questions": 0,
      "attempted_questions": 0,
      "correct_answers": 0,
      "marks_obtained": "0.00",
      "percentage": "0.00"
    }
  },
  {
    "model": "exams.testattempt",
    "pk": "483fe8de-a812-4ab9-8bc9-14d16eae14b3",
    "fields": {
      "test": "3c62fcf2-38b2-4349-a797-b354f91f8699",
      "user": "2f0ca1e9-0ebf-44c6-b55b-4baf10a73b3f",
      "attempt_number": 1,
      "status": "evaluated",
      "start_time": "2025-10-03T19:19:36.933Z",
      "end_time": "2025-10-03T19:21:53.293Z",
      "time_spent_seconds": 136,
      "total_questions": 100,
      "attempted_questions": 7,
      "correct_answers": 1,
      "marks_obtained": "1.00",
      "percentage": "1.00"
    }
  },
  {
    "model": "exams.testattempt",
    "pk": "51c7dbf8-5d63-4ecf-ba9b-cc20ffeb6ab0",
    "fields": {
      "test": "3c62fcf2-38b2-4349-a797-b354f91f8699",
      "user": "9f818928-4998-468e-a650-a8b551a093ce",
      "attempt_number": 1,
      "status": "evaluated",
      "start_time": "2025-07-31T11:30:08.001Z",
      "end_time": "2025-07-31T12:25:27.559Z",
      "time_spent_seconds": 3319,
      "total_questions": 100,
      "attempted_questions": 98,
      "correct_answers": 15,
      "marks_obtained": "15.00",
      "percentage": "15.00"
    }
  },
  {
    "model": "exams.testattempt",
    "pk": "542d8069-5e90-47d8-a942-14484518197f",
    "fields": {
      "test": "3c62fcf2-38b2-4349-a797-b354f91f8699",
      "user": "9f818928-4998-468e-a650-a8b551a093ce",
      "attempt_number": 5,
      "status": "submitted",
      "start_time": "2025-10-03T19:25:52.689Z",
      "end_time": "2025-10-15T04:20:17.670Z",
      "time_spent_seconds": 0,
      "total_questions": 100,
      "attempted_questions": 2,
      "correct_answers": 0,
      "marks_obtained": "0.00",
      "percentage": "0.00"
    }
  },
  {
    "model": "exams.testattempt",
    "pk": "639e69fb-da86-48c6-91e6-35bc05077ad2",
    "fields": {
      "test": "3c62fcf2-38b2-4349-a797-b354f91f8699",
      "user": "9f818928-4998-468e-a650-a8b551a093ce",
      "attempt_number": 4,
      "status": "evaluated",
      "start_time": "2025-08-28T16:32:35.332Z",
      "end_time": "2025-08-28T16:34:16.529Z",
      "time_spent_seconds": 101,
      "total_questions": 100,
      "attempted_questions": 7,
      "correct_answers": 4,
      "marks_obtained": "4.00",
      "percentage": "4.00"
    }
  },
  {
    "model": "exams.testattempt",
    "pk": "83772eea-4595-43ac-bb64-03cb96cf3267",
    "fields": {
      "test": "3c62fcf2-38b2-4349-a797-b354f91f8699",
      "user": "e77ca52c-717e-4de0-b939-c2c91ed1570c",
      "attempt_number": 1,
      "status": "evaluated",
      "start_time": "2025-08-29T12:01:03.108Z",
      "end_time": "2025-08-29T12:01:26.932Z",
      "time_spent_seconds": 23,
      "total_questions": 100,
      "attempted_questions": 4,
      "correct_answers": 1,
      "marks_obtained": "1.00",
      "percentage": "1.00"
    }
  },
  {
    "model": "exams.testattempt",
    "pk": "84de1e17-0cb6-4bf6-bb8d-7d2a289469d8",
    "fields": {
      "test": "3c62fcf2-38b2-4349-a797-b354f91f8699",
      "user": "9f818928-4998-468e-a650-a8b551a093ce",
      "attempt_number": 2,
      "status": "evaluated",
      "start_time": "2025-07-31T12:34:46.685Z",
      "end_time": "2025-07-31T12:56:40.145Z",
      "time_spent_seconds": 1313,
      "total_questions": 100,
      "attempted_questions": 18,
      "correct_answers": 3,
      "marks_obtained": "3.00",
      "percentage": "3.00"
    }
  },
  {
    "model": "exams.testattempt",
    "pk": "89dad0af-ac0c-4c7e-924d-fe1c3a90f15d",
    "fields": {
      "test": "259c3142-af37-4044-bddb-da796a7abe8a",
      "user": "9f818928-4998-468e-a650-a8b551a093ce",
      "attempt_number": 1,
      "status": "in_progress",
      "start_time": "2025-10-15T06:51:54.898Z",
      "end_time": null,
      "time_spent_seconds": 0,
      "total_questions": 0,
      "attempted_questions": 0,
      "correct_answers": 0,
      "marks_obtained": "0.00",
      "percentage": "0.00"
    }
  },
  {
    "model": "exams.testattempt",
    "pk": "c30bdd28-6c22-41c2-8c2f-bd20406abd2f",
    "fields": {
      "test": "3c62fcf2-38b2-4349-a797-b354f91f8699",
      "user": "97939240-5fe3-46be-a84b-d85e1bf721eb",
      "attempt_number": 2,
      "status": "in_progress",
      "start_time": "2025-08-16T14:20:37.218Z",
      "end_time": null,
      "time_spent_seconds": 0,
      "total_questions": 100,
      "attempted_questions": 3,
      "correct_answers": 0,
      "marks_obtained": "0.00",
      "percentage": "0.00"
    }
  },
  {
    "model": "exams.testattempt",
    "pk": "cd5dd6ca-3487-4f02-8527-276092ecc5e0",
    "fields": {
      "test": "3c62fcf2-38b2-4349-a797-b354f91f8699",
      "user": "97939240-5fe3-46be-a84b-d85e1bf721eb",
      "attempt_number": 1,
      "status": "submitted",
      "start_time": "2025-07-31T11:33:01.507Z",
      "end_time": "2025-08-16T14:17:17.010Z",
      "time_spent_seconds": 0,
      "total_questions": 100,
      "attempted_questions": 0,
      "correct_answers": 0,
      "marks_obtained": "0.00",
      "percentage": "0.00"
    }
  },
  {
    "model": "exams.testattempt",
    "pk": "d54d136c-a0c4-459f-88dc-0800f6a3a28c",
    "fields": {
      "test": "3c62fcf2-38b2-4349-a797-b354f91f8699",
      "user": "256cc1e1-5a43-4fe3-8846-2645b584801d",
      "attempt_number": 1,
      "status": "in_progress",
      "start_time": "2025-07-31T11:24:40.487Z",
      "end_time": null,
      "time_spent_seconds": 0,
      "total_questions": 100,
      "attempted_questions": 0,
      "correct_answers": 0,
      "marks_obtained": "0.00",
      "percentage": "0.00"
    }
  },
  {
    "model": "exams.testattempt",
    "pk": "d7ca89ab-dd7d-4f77-82b6-88c5e5065c90",
    "fields": {
      "test": "17aa13fd-38f9-48fa-a156-1e8a89156d39",
      "user": "97939240-5fe3-46be-a84b-d85e1bf721eb",
      "attempt_number": 1,
      "status": "submitted",
      "start_time": "2025-08-05T17:18:06.746Z",
      "end_time": "2025-08-16T14:17:24.414Z",
      "time_spent_seconds": 0,
      "total_questions": 0,
      "attempted_questions": 0,
      "correct_answers": 0,
      "marks_obtained": "0.00",
      "percentage": "0.00"
    }
  },
  {
    "model": "exams.organization",
    "pk": "1d3e8376-2deb-4ec2-8cf8-8142fb8b4d05",
    "fields": {
      "name": "Institute of Banking Personnel Selection",
      "short_name": "IBPS",
      "organization_type": "government",
      "logo": "",
      "website": "https://www.ibps.in",
      "description": "Conducts recruitment examinations for public sector banks",
      "email": "complaints@ibps.in",
      "phone": "+91-22-26528000",
      "address": "IBPS House, 90 Hari Nagar, New Delhi - 110064",
      "is_active": true,
      "created_at": "2025-08-01T12:35:07.215Z",
      "updated_at": "2025-08-01T12:35:07.215Z",
      "created_by": "97939240-5fe3-46be-a84b-d85e1bf721eb"
    }
  },
  {
    "model": "exams.organization",
    "pk": "2f7f528d-5e0f-41da-965f-ad8735daec85",
    "fields": {
      "name": "Staff Selection Commission",
      "short_name": "SSC",
      "organization_type": "government",
      "logo": "",
      "website": "https://ssc.nic.in",
      "description": "Recruits staff for various ministries and departments of Government of India",
      "email": "sscnic@ssc.nic.in",
      "phone": "+91-11-24365825",
      "address": "Block No.12, CGO Complex, Lodhi Road, New Delhi - 110003",
      "is_active": true,
      "created_at": "2025-08-01T12:35:07.054Z",
      "updated_at": "2025-08-01T12:35:07.054Z",
      "created_by": "97939240-5fe3-46be-a84b-d85e1bf721eb"
    }
  },
  {
    "model": "exams.organization",
    "pk": "524d485a-c902-49f2-9874-82369a4067de",
    "fields": {
      "name": "Union Public Service Commission",
      "short_name": "UPSC",
      "organization_type": "government",
      "logo": "",
      "website": "https://upsc.gov.in",
      "description": "Constitutional body responsible for civil services recruitment in India",
      "email": "contact@upsc.gov.in",
      "phone": "+91-11-23381125",
      "address": "Dholpur House, Shahjahan Road, New Delhi - 110069",
      "is_active": true,
      "created_at": "2025-08-01T12:35:06.941Z",
      "updated_at": "2025-08-01T12:35:06.941Z",
      "created_by": "97939240-5fe3-46be-a84b-d85e1bf721eb"
    }
  },
  {
    "model": "exams.organization",
    "pk": "578b57a7-9715-446d-9427-2dae5be1813b",
    "fields": {
      "name": "All India Institute of Medical Sciences",
      "short_name": "AIIMS",
      "organization_type": "university",
      "logo": "",
      "website": "https://aiims.edu",
      "description": "Premier medical institute conducting entrance examinations",
      "email": "registrar@aiims.ac.in",
      "phone": "+91-11-26588500",
      "address": "Ansari Nagar, New Delhi - 110029",
      "is_active": true,
      "created_at": "2025-08-01T12:35:07.622Z",
      "updated_at": "2025-08-01T12:35:07.622Z",
      "created_by": "97939240-5fe3-46be-a84b-d85e1bf721eb"
    }
  },
  {
    "model": "exams.organization",
    "pk": "745bfbc7-3d2e-4c01-b333-f1637a539614",
    "fields": {
      "name": "Food Corporation of India",
      "short_name": "FCI",
      "organization_type": "psu",
      "logo": "",
      "website": "https://fci.gov.in",
      "description": "Government corporation responsible for food security and distribution",
      "email": "info@fci.gov.in",
      "phone": "+91-11-24368535",
      "address": "16-20, Barakhamba Lane, New Delhi - 110001",
      "is_active": true,
      "created_at": "2025-08-01T12:35:07.702Z",
      "updated_at": "2025-08-01T12:35:07.702Z",
      "created_by": "97939240-5fe3-46be-a84b-d85e1bf721eb"
    }
  },
  {
    "model": "exams.organization",
    "pk": "79564dda-b7f4-4859-95f8-e8a84bee196d",
    "fields": {
      "name": "Railway Recruitment Board",
      "short_name": "RRB",
      "organization_type": "government",
      "logo": "",
      "website": "https://www.rrbcdg.gov.in",
      "description": "Conducts recruitment for Indian Railways",
      "email": "rrbcdg@railnet.gov.in",
      "phone": "+91-11-23384159",
      "address": "Rail Bhawan, Raisina Road, New Delhi - 110001",
      "is_active": true,
      "created_at": "2025-08-01T12:35:07.134Z",
      "updated_at": "2025-08-01T12:35:07.134Z",
      "created_by": "97939240-5fe3-46be-a84b-d85e1bf721eb"
    }
  },
  {
    "model": "exams.organization",
    "pk": "9a20fcec-7a50-4598-9a26-86b6d1357303",
    "fields": {
      "name": "National Testing Agency",
      "short_name": "NTA",
      "organization_type": "government",
      "logo": "",
      "website": "https://nta.ac.in",
      "description": "Premier testing organization for higher education entrance examinations",
      "email": "info@nta.ac.in",
      "phone": "+91-11-40759000",
      "address": "Ground Floor, CIET Building, Deshbandhu Gupta Road, Karol Bagh, New Delhi - 110005",
      "is_active": true,
      "created_at": "2025-08-01T12:35:07.540Z",
      "updated_at": "2025-08-01T12:35:07.540Z",
      "created_by": "97939240-5fe3-46be-a84b-d85e1bf721eb"
    }
  },
  {
    "model": "exams.organization",
    "pk": "a873bda5-2e5b-4760-9ecd-89ca66680b38",
    "fields": {
      "name": "Life Insurance Corporation of India",
      "short_name": "LIC",
      "organization_type": "psu",
      "logo": "",
      "website": "https://licindia.in",
      "description": "Largest life insurance company in India",
      "email": "customercare@licindia.com",
      "phone": "022-67819281",
      "address": "Yogakshema Building, Jeevan Bima Marg, Mumbai - 400021",
      "is_active": true,
      "created_at": "2025-08-01T12:35:07.459Z",
      "updated_at": "2025-08-01T12:35:07.459Z",
      "created_by": "97939240-5fe3-46be-a84b-d85e1bf721eb"
    }
  },
  {
    "model": "exams.organization",
    "pk": "e1c8c75c-1b75-43f7-b65d-710d9a603001",
    "fields": {
      "name": "Central Board of Secondary Education",
      "short_name": "CBSE",
      "organization_type": "board",
      "logo": "",
      "website": "https://cbse.gov.in",
      "description": "National level board of education for public and private schools",
      "email": "cbseinfo@yahoo.com",
      "phone": "+91-11-23212603",
      "address": "Shiksha Kendra, 2, Community Centre, Preet Vihar, Delhi - 110301",
      "is_active": true,
      "created_at": "2025-08-01T12:35:07.366Z",
      "updated_at": "2025-08-01T12:35:07.367Z",
      "created_by": "97939240-5fe3-46be-a84b-d85e1bf721eb"
    }
  },
  {
    "model": "exams.organization",
    "pk": "e281de43-e328-4348-a306-ecc045e6b533",
    "fields": {
      "name": "State Bank of India",
      "short_name": "SBI",
      "organization_type": "psu",
      "logo": "",
      "website": "https://sbi.co.in",
      "description": "Largest public sector bank in India conducting its own recruitment",
      "email": "customercare@sbi.co.in",
      "phone": "1800-1234",
      "address": "Corporate Centre, MMTC-STC Building, 1, C-1, Block G, Bandra Kurla Complex, Bandra (East), Mumbai - 400051",
      "is_active": true,
      "created_at": "2025-08-01T12:35:07.293Z",
      "updated_at": "2025-08-01T12:35:07.293Z",
      "created_by": "97939240-5fe3-46be-a84b-d85e1bf721eb"
    }
  }
]